<?xml version="1.0" encoding="UTF-8"?>
<launch4jConfig>
  <dontWrapJar>false</dontWrapJar>
  <headerType>gui</headerType>
  <jar>C:\Study\3.1\SDP\Integration_Solver (copy)\out\artifacts\Integration_Solver_jar\Integration_Solver.jar</jar>
  <outfile>C:\Study\3.1\SDP\Integration_Solver (copy)\Integration_Solver.exe</outfile>
  <errTitle></errTitle>
  <cmdLine></cmdLine>
  <chdir>.</chdir>
  <priority>normal</priority>
  <downloadUrl></downloadUrl>
  <supportUrl></supportUrl>
  <stayAlive>false</stayAlive>
  <restartOnCrash>false</restartOnCrash>
  <manifest></manifest>
  <icon>C:\Users\USER\Downloads\icn.ico</icon>
  <jre>
    <path>%JAVA_HOME%;%PATH%</path>
    <requiresJdk>false</requiresJdk>
    <requires64Bit>false</requires64Bit>
    <minVersion>1.4.0</minVersion>
    <maxVersion></maxVersion>
  </jre>
</launch4jConfig>